lisa_variable,lisa_label,lisa_cluster,count,percentage,indicator,indicator_name,dimension,dimension_name,direction,unit,local_weight,weight,raw_mean,normalized_mean,shortboard_strength
lisa_sdg_index_2024_cluster,2024年综合指数LISA,HH 高值集聚,7718,25.590185676392572,pop_density,D1.1 人口密度,D1,D1 人类活动,positive,人/km2,0.4433821447143179,0.1108455361785794,75.96739736508815,0.08353579835533455,0.4063438632791069
lisa_sdg_index_2024_cluster,2024年综合指数LISA,HH 高值集聚,7718,25.590185676392572,nightlight,D1.2 夜间灯光强度,D1,D1 人类活动,positive,nW/cm2/sr,0.1170714006953689,0.0292678501738422,0.7155161623464837,0.22498161265134323,0.09073248817157321
lisa_sdg_index_2024_cluster,2024年综合指数LISA,HH 高值集聚,7718,25.590185676392572,cropland_ratio,D1.3 耕地/农田比例,D1,D1 人类活动,positive,比例(0-1),0.4395464545903131,0.1098866136475782,0.1412422261688951,0.1412422261688951,0.37746393483933216
lisa_sdg_index_2024_cluster,2024年综合指数LISA,HH 高值集聚,7718,25.590185676392572,dist_port,D2.1 距边境口岸距离,D2,D2 通达性,negative,km,0.3208624504718436,0.0802156126179609,237.453162084538,0.8498228230370409,0.048186217005278746
lisa_sdg_index_2024_cluster,2024年综合指数LISA,HH 高值集聚,7718,25.590185676392572,dist_city,D2.2 距最近城市/城镇节点距离,D2,D2 通达性,negative,km,0.3930416506974807,0.0982604126743701,91.49847188002457,0.8658577084024633,0.052723507717838604
lisa_sdg_index_2024_cluster,2024年综合指数LISA,HH 高值集聚,7718,25.590185676392572,dist_major_road,D2.3 距主要道路距离,D2,D2 通达性,negative,km,0.2860958988306757,0.0715239747076689,63.790182618117036,0.8854287410960177,0.032778367296296886
lisa_sdg_index_2024_cluster,2024年综合指数LISA,HH 高值集聚,7718,25.590185676392572,ndvi,D3.1 NDVI,D3,D3 生态状态,positive,无量纲,0.0637545677133387,0.0159386419283346,0.7822797132738516,0.8494851557612706,0.009596008828880702
lisa_sdg_index_2024_cluster,2024年综合指数LISA,HH 高值集聚,7718,25.590185676392572,forest_ratio,D3.2 林地覆盖率,D3,D3 生态状态,positive,比例(0-1),0.8359196240251567,0.2089799060062891,0.6919736336220667,0.6919736336220667,0.2574852843724772
lisa_sdg_index_2024_cluster,2024年综合指数LISA,HH 高值集聚,7718,25.590185676392572,npp,D3.3 净初级生产力,D3,D3 生态状态,positive,kgC/m2,0.1003258082615044,0.0250814520653761,0.5781085624109281,0.7260722671922335,0.02748202119918059
lisa_sdg_index_2024_cluster,2024年综合指数LISA,HH 高值集聚,7718,25.590185676392572,slope,D4.1 地形坡度,D4,D4 环境约束,negative,度,0.2482879503227113,0.0620719875806778,3.652330892387151,0.6793011136808963,0.07962566915494647
lisa_sdg_index_2024_cluster,2024年综合指数LISA,HH 高值集聚,7718,25.590185676392572,climate_water_stress,D4.2 气候水分亏缺,D4,D4 环境约束,negative,mm,0.2904988745765502,0.0726247186441375,66.4016490827178,0.9004845398116194,0.028909129187692065
lisa_sdg_index_2024_cluster,2024年综合指数LISA,HH 高值集聚,7718,25.590185676392572,cold_stress,D4.3 低温冷胁迫,D4,D4 环境约束,negative,℃·月,0.4612131751007384,0.1153032937751846,87.23845468700534,0.7025584758565141,0.13718394975702006
lisa_sdg_index_2024_cluster,2024年综合指数LISA,LL 低值集聚,7511,24.903846153846153,pop_density,D1.1 人口密度,D1,D1 人类活动,positive,人/km2,0.4433821447143179,0.1108455361785794,0.6592287958838418,0.0011628128929915475,0.4428665742399219
lisa_sdg_index_2024_cluster,2024年综合指数LISA,LL 低值集聚,7511,24.903846153846153,nightlight,D1.2 夜间灯光强度,D1,D1 人类活动,positive,nW/cm2/sr,0.1170714006953689,0.0292678501738422,0.5686376874614469,0.22860772007376814,0.09030797469655805
lisa_sdg_index_2024_cluster,2024年综合指数LISA,LL 低值集聚,7511,24.903846153846153,cropland_ratio,D1.3 耕地/农田比例,D1,D1 人类活动,positive,比例(0-1),0.4395464545903131,0.1098866136475782,0.0020303554786933378,0.0020303554786933378,0.4386540190380954
lisa_sdg_index_2024_cluster,2024年综合指数LISA,LL 低值集聚,7511,24.903846153846153,dist_port,D2.1 距边境口岸距离,D2,D2 通达性,negative,km,0.3208624504718436,0.0802156126179609,679.9847458194025,0.5456061035072742,0.14579793910810523
lisa_sdg_index_2024_cluster,2024年综合指数LISA,LL 低值集聚,7511,24.903846153846153,dist_city,D2.2 距最近城市/城镇节点距离,D2,D2 通达性,negative,km,0.3930416506974807,0.0982604126743701,362.5416118616166,0.42604160119214535,0.22558955649912216
lisa_sdg_index_2024_cluster,2024年综合指数LISA,LL 低值集聚,7511,24.903846153846153,dist_major_road,D2.3 距主要道路距离,D2,D2 通达性,negative,km,0.2860958988306757,0.0715239747076689,246.718461924746,0.5549789689603248,0.1273186918738499
lisa_sdg_index_2024_cluster,2024年综合指数LISA,LL 低值集聚,7511,24.903846153846153,ndvi,D3.1 NDVI,D3,D3 生态状态,positive,无量纲,0.0637545677133387,0.0159386419283346,0.6315386688043855,0.5937305742021973,0.025901531616885246
lisa_sdg_index_2024_cluster,2024年综合指数LISA,LL 低值集聚,7511,24.903846153846153,forest_ratio,D3.2 林地覆盖率,D3,D3 生态状态,positive,比例(0-1),0.8359196240251567,0.2089799060062891,0.055773532128234556,0.055773532128234556,0.7892974340179679
lisa_sdg_index_2024_cluster,2024年综合指数LISA,LL 低值集聚,7511,24.903846153846153,npp,D3.3 净初级生产力,D3,D3 生态状态,positive,kgC/m2,0.1003258082615044,0.0250814520653761,0.32052321699731257,0.3028818833486102,0.0699389385067884
lisa_sdg_index_2024_cluster,2024年综合指数LISA,LL 低值集聚,7511,24.903846153846153,slope,D4.1 地形坡度,D4,D4 环境约束,negative,度,0.2482879503227113,0.0620719875806778,5.217589336160456,0.542396808141873,0.11361735856758477
lisa_sdg_index_2024_cluster,2024年综合指数LISA,LL 低值集聚,7511,24.903846153846153,climate_water_stress,D4.2 气候水分亏缺,D4,D4 环境约束,negative,mm,0.2904988745765502,0.0726247186441375,124.26900162465175,0.8137593410003654,0.05410270183978891
lisa_sdg_index_2024_cluster,2024年综合指数LISA,LL 低值集聚,7511,24.903846153846153,cold_stress,D4.3 低温冷胁迫,D4,D4 环境约束,negative,℃·月,0.4612131751007384,0.1153032937751846,160.08532119200433,0.28298977996359287,0.3306945601626704
lisa_sdg_index_2024_cluster,2024年综合指数LISA,HL 高值-低邻,36,0.11936339522546419,pop_density,D1.1 人口密度,D1,D1 人类活动,positive,人/km2,0.4433821447143179,0.1108455361785794,40.898924340002445,0.05006180700543861,0.42118563335597226
lisa_sdg_index_2024_cluster,2024年综合指数LISA,HL 高值-低邻,36,0.11936339522546419,nightlight,D1.2 夜间灯光强度,D1,D1 人类活动,positive,nW/cm2/sr,0.1170714006953689,0.0292678501738422,0.5847220478786362,0.2364674783489838,0.08938782178615155
lisa_sdg_index_2024_cluster,2024年综合指数LISA,HL 高值-低邻,36,0.11936339522546419,cropland_ratio,D1.3 耕地/农田比例,D1,D1 人类活动,positive,比例(0-1),0.4395464545903131,0.1098866136475782,6.944444289224016e-05,6.944444289224016e-05,0.43951593053164884
lisa_sdg_index_2024_cluster,2024年综合指数LISA,HL 高值-低邻,36,0.11936339522546419,dist_port,D2.1 距边境口岸距离,D2,D2 通达性,negative,km,0.3208624504718436,0.0802156126179609,435.3139804854552,0.713194531693538,0.09202510536953608
lisa_sdg_index_2024_cluster,2024年综合指数LISA,HL 高值-低邻,36,0.11936339522546419,dist_city,D2.2 距最近城市/城镇节点距离,D2,D2 通达性,negative,km,0.3930416506974807,0.0982604126743701,278.0527001639859,0.561938411302068,0.17217644992899606
lisa_sdg_index_2024_cluster,2024年综合指数LISA,HL 高值-低邻,36,0.11936339522546419,dist_major_road,D2.3 距主要道路距离,D2,D2 通达性,negative,km,0.2860958988306757,0.0715239747076689,196.26283009456358,0.6441272623867241,0.10181373073680337
lisa_sdg_index_2024_cluster,2024年综合指数LISA,HL 高值-低邻,36,0.11936339522546419,ndvi,D3.1 NDVI,D3,D3 生态状态,positive,无量纲,0.0637545677133387,0.0159386419283346,0.7494384315278795,0.7936935805487205,0.013152976588603055
lisa_sdg_index_2024_cluster,2024年综合指数LISA,HL 高值-低邻,36,0.11936339522546419,forest_ratio,D3.2 林地覆盖率,D3,D3 生态状态,positive,比例(0-1),0.8359196240251567,0.2089799060062891,0.5337499979521252,0.5337499979521252,0.38974752641358806
lisa_sdg_index_2024_cluster,2024年综合指数LISA,HL 高值-低邻,36,0.11936339522546419,npp,D3.3 净初级生产力,D3,D3 生态状态,positive,kgC/m2,0.1003258082615044,0.0250814520653761,0.4330834597349167,0.48036999337136826,0.052132300411948364
lisa_sdg_index_2024_cluster,2024年综合指数LISA,HL 高值-低邻,36,0.11936339522546419,slope,D4.1 地形坡度,D4,D4 环境约束,negative,度,0.2482879503227113,0.0620719875806778,5.196173714266883,0.5399523499667446,0.114224288077537
lisa_sdg_index_2024_cluster,2024年综合指数LISA,HL 高值-低邻,36,0.11936339522546419,climate_water_stress,D4.2 气候水分亏缺,D4,D4 环境约束,negative,mm,0.2904988745765502,0.0726247186441375,121.34306096368366,0.818144417807681,0.052828841962332
lisa_sdg_index_2024_cluster,2024年综合指数LISA,HL 高值-低邻,36,0.11936339522546419,cold_stress,D4.3 低温冷胁迫,D4,D4 环境约束,negative,℃·月,0.4612131751007384,0.1153032937751846,134.14369683795505,0.42877780267154475,0.26345520331787736
lisa_sdg_index_2024_cluster,2024年综合指数LISA,LH 低值-高邻,119,0.39456233421750664,pop_density,D1.1 人口密度,D1,D1 人类活动,positive,人/km2,0.4433821447143179,0.1108455361785794,1.420187233344597,0.0025050665803835388,0.4422714429212553
lisa_sdg_index_2024_cluster,2024年综合指数LISA,LH 低值-高邻,119,0.39456233421750664,nightlight,D1.2 夜间灯光强度,D1,D1 人类活动,positive,nW/cm2/sr,0.1170714006953689,0.0292678501738422,0.5770448183312136,0.22315860936431356,0.09094590971985804
lisa_sdg_index_2024_cluster,2024年综合指数LISA,LH 低值-高邻,119,0.39456233421750664,cropland_ratio,D1.3 耕地/农田比例,D1,D1 人类活动,positive,比例(0-1),0.4395464545903131,0.1098866136475782,0.008655462273153938,0.008655462273153938,0.4357419768353081
lisa_sdg_index_2024_cluster,2024年综合指数LISA,LH 低值-高邻,119,0.39456233421750664,dist_port,D2.1 距边境口岸距离,D2,D2 通达性,negative,km,0.3208624504718436,0.0802156126179609,337.7811603849814,0.7805719323491667,0.07040622748874785
lisa_sdg_index_2024_cluster,2024年综合指数LISA,LH 低值-高邻,119,0.39456233421750664,dist_city,D2.2 距最近城市/城镇节点距离,D2,D2 通达性,negative,km,0.3930416506974807,0.0982604126743701,129.29050104054906,0.8042668996100435,0.07693126087340421
lisa_sdg_index_2024_cluster,2024年综合指数LISA,LH 低值-高邻,119,0.39456233421750664,dist_major_road,D2.3 距主要道路距离,D2,D2 通达性,negative,km,0.2860958988306757,0.0715239747076689,95.9956394699404,0.8267496364267989,0.04956621848921633
lisa_sdg_index_2024_cluster,2024年综合指数LISA,LH 低值-高邻,119,0.39456233421750664,ndvi,D3.1 NDVI,D3,D3 生态状态,positive,无量纲,0.0637545677133387,0.0159386419283346,0.67499876711048,0.667692538045868,0.021186118584802432
lisa_sdg_index_2024_cluster,2024年综合指数LISA,LH 低值-高邻,119,0.39456233421750664,forest_ratio,D3.2 林地覆盖率,D3,D3 生态状态,positive,比例(0-1),0.8359196240251567,0.2089799060062891,0.1572268908616437,0.1572268908616437,0.7044905805294472
lisa_sdg_index_2024_cluster,2024年综合指数LISA,LH 低值-高邻,119,0.39456233421750664,npp,D3.3 净初级生产力,D3,D3 生态状态,positive,kgC/m2,0.1003258082615044,0.0250814520653761,0.4776176549807316,0.5635168931798158,0.043790520484227546
lisa_sdg_index_2024_cluster,2024年综合指数LISA,LH 低值-高邻,119,0.39456233421750664,slope,D4.1 地形坡度,D4,D4 环境约束,negative,度,0.2482879503227113,0.0620719875806778,2.8038927771213675,0.7571148170606727,0.060305464235762336
lisa_sdg_index_2024_cluster,2024年综合指数LISA,LH 低值-高邻,119,0.39456233421750664,climate_water_stress,D4.2 气候水分亏缺,D4,D4 环境约束,negative,mm,0.2904988745765502,0.0726247186441375,47.76550441178955,0.928414335813438,0.02079555488201111
lisa_sdg_index_2024_cluster,2024年综合指数LISA,LH 低值-高邻,119,0.39456233421750664,cold_stress,D4.3 低温冷胁迫,D4,D4 环境约束,negative,℃·月,0.4612131751007384,0.1153032937751846,113.57566987366235,0.5507008326795901,0.20722269552996414
lisa_sdg_index_2024_cluster,2024年综合指数LISA,Not significant,14776,48.9920424403183,pop_density,D1.1 人口密度,D1,D1 人类活动,positive,人/km2,0.4433821447143179,0.1108455361785794,51.297391063679804,0.06766594897111847,0.41338027113537384
lisa_sdg_index_2024_cluster,2024年综合指数LISA,Not significant,14776,48.9920424403183,nightlight,D1.2 夜间灯光强度,D1,D1 人类活动,positive,nW/cm2/sr,0.1170714006953689,0.0292678501738422,0.697019601330508,0.24881456460701507,0.08794233110341729
lisa_sdg_index_2024_cluster,2024年综合指数LISA,Not significant,14776,48.9920424403183,cropland_ratio,D1.3 耕地/农田比例,D1,D1 人类活动,positive,比例(0-1),0.4395464545903131,0.1098866136475782,0.22265092068103218,0.22265092068103218,0.34168103179369635
lisa_sdg_index_2024_cluster,2024年综合指数LISA,Not significant,14776,48.9920424403183,dist_port,D2.1 距边境口岸距离,D2,D2 通达性,negative,km,0.3208624504718436,0.0802156126179609,339.0185619956553,0.7796495765880385,0.07070217681847027
lisa_sdg_index_2024_cluster,2024年综合指数LISA,Not significant,14776,48.9920424403183,dist_city,D2.2 距最近城市/城镇节点距离,D2,D2 通达性,negative,km,0.3930416506974807,0.0982604126743701,101.35055868567682,0.8498338868333017,0.05902153699786378
lisa_sdg_index_2024_cluster,2024年综合指数LISA,Not significant,14776,48.9920424403183,dist_major_road,D2.3 距主要道路距离,D2,D2 通达性,negative,km,0.2860958988306757,0.0715239747076689,63.430445175680745,0.8860873592167502,0.03258993935305974
lisa_sdg_index_2024_cluster,2024年综合指数LISA,Not significant,14776,48.9920424403183,ndvi,D3.1 NDVI,D3,D3 生态状态,positive,无量纲,0.0637545677133387,0.0159386419283346,0.6763374575097532,0.6714129987462054,0.02094892222115796
lisa_sdg_index_2024_cluster,2024年综合指数LISA,Not significant,14776,48.9920424403183,forest_ratio,D3.2 林地覆盖率,D3,D3 生态状态,positive,比例(0-1),0.8359196240251567,0.2089799060062891,0.13837337563446286,0.13837337563446286,0.7202506038897047
lisa_sdg_index_2024_cluster,2024年综合指数LISA,Not significant,14776,48.9920424403183,npp,D3.3 净初级生产力,D3,D3 生态状态,positive,kgC/m2,0.1003258082615044,0.0250814520653761,0.4369391758862548,0.49614199702139583,0.050549961397855954
lisa_sdg_index_2024_cluster,2024年综合指数LISA,Not significant,14776,48.9920424403183,slope,D4.1 地形坡度,D4,D4 环境约束,negative,度,0.2482879503227113,0.0620719875806778,2.074355140420429,0.821740421651243,0.044259705333603655
lisa_sdg_index_2024_cluster,2024年综合指数LISA,Not significant,14776,48.9920424403183,climate_water_stress,D4.2 气候水分亏缺,D4,D4 环境约束,negative,mm,0.2904988745765502,0.0726247186441375,251.8741540556363,0.622518827519158,0.10965785577952124
lisa_sdg_index_2024_cluster,2024年综合指数LISA,Not significant,14776,48.9920424403183,cold_stress,D4.3 低温冷胁迫,D4,D4 环境约束,negative,℃·月,0.4612131751007384,0.1153032937751846,105.73656190642164,0.595197121751632,0.18670042076684745
lisa_change_rate_2010_2024_cluster,2010-2024变化率LISA,HH 高值集聚,4648,15.411140583554378,pop_density,D1.1 人口密度,D1,D1 人类活动,positive,人/km2,0.4433821447143179,0.1108455361785794,44.54398418988609,0.06120274963808314,0.41624593831737117
lisa_change_rate_2010_2024_cluster,2010-2024变化率LISA,HH 高值集聚,4648,15.411140583554378,nightlight,D1.2 夜间灯光强度,D1,D1 人类活动,positive,nW/cm2/sr,0.1170714006953689,0.0292678501738422,0.6025645557322928,0.22560739471702304,0.09065922698861403
lisa_change_rate_2010_2024_cluster,2010-2024变化率LISA,HH 高值集聚,4648,15.411140583554378,cropland_ratio,D1.3 耕地/农田比例,D1,D1 人类活动,positive,比例(0-1),0.4395464545903131,0.1098866136475782,0.18824978496327519,0.18824978496327519,0.35680192903231667
lisa_change_rate_2010_2024_cluster,2010-2024变化率LISA,HH 高值集聚,4648,15.411140583554378,dist_port,D2.1 距边境口岸距离,D2,D2 通达性,negative,km,0.3208624504718436,0.0802156126179609,417.82837815452734,0.7252346061814675,0.08816189756547547
lisa_change_rate_2010_2024_cluster,2010-2024变化率LISA,HH 高值集聚,4648,15.411140583554378,dist_city,D2.2 距最近城市/城镇节点距离,D2,D2 通达性,negative,km,0.3930416506974807,0.0982604126743701,111.02573686990803,0.834168246931643,0.06517878596404403
lisa_change_rate_2010_2024_cluster,2010-2024变化率LISA,HH 高值集聚,4648,15.411140583554378,dist_major_road,D2.3 距主要道路距离,D2,D2 通达性,negative,km,0.2860958988306757,0.0715239747076689,81.79802656826463,0.8542200161568396,0.04170705550913035
lisa_change_rate_2010_2024_cluster,2010-2024变化率LISA,HH 高值集聚,4648,15.411140583554378,ndvi,D3.1 NDVI,D3,D3 生态状态,positive,无量纲,0.0637545677133387,0.0159386419283346,0.7009472870420209,0.7106077466334105,0.0184500780129759
lisa_change_rate_2010_2024_cluster,2010-2024变化率LISA,HH 高值集聚,4648,15.411140583554378,forest_ratio,D3.2 林地覆盖率,D3,D3 生态状态,positive,比例(0-1),0.8359196240251567,0.2089799060062891,0.2707540878652164,0.2707540878652164,0.6095909686935909
lisa_change_rate_2010_2024_cluster,2010-2024变化率LISA,HH 高值集聚,4648,15.411140583554378,npp,D3.3 净初级生产力,D3,D3 生态状态,positive,kgC/m2,0.1003258082615044,0.0250814520653761,0.4653673567151949,0.5440690872209292,0.04574163733596575
lisa_change_rate_2010_2024_cluster,2010-2024变化率LISA,HH 高值集聚,4648,15.411140583554378,slope,D4.1 地形坡度,D4,D4 环境约束,negative,度,0.2482879503227113,0.0620719875806778,2.933009283585881,0.7443103894824925,0.0634846493142043
lisa_change_rate_2010_2024_cluster,2010-2024变化率LISA,HH 高值集聚,4648,15.411140583554378,climate_water_stress,D4.2 气候水分亏缺,D4,D4 环境约束,negative,mm,0.2904988745765502,0.0726247186441375,220.5696925708223,0.6694344980430926,0.096028906292314
lisa_change_rate_2010_2024_cluster,2010-2024变化率LISA,HH 高值集聚,4648,15.411140583554378,cold_stress,D4.3 低温冷胁迫,D4,D4 环境约束,negative,℃·月,0.4612131751007384,0.1153032937751846,94.12361416677189,0.663114635558072,0.155375968579231
lisa_change_rate_2010_2024_cluster,2010-2024变化率LISA,LL 低值集聚,4479,14.850795755968168,pop_density,D1.1 人口密度,D1,D1 人类活动,positive,人/km2,0.4433821447143179,0.1108455361785794,1.5817096925052383,0.00261250962127331,0.44222380459535093
lisa_change_rate_2010_2024_cluster,2010-2024变化率LISA,LL 低值集聚,4479,14.850795755968168,nightlight,D1.2 夜间灯光强度,D1,D1 人类活动,positive,nW/cm2/sr,0.1170714006953689,0.0292678501738422,0.5716118524318882,0.23064395629747245,0.09006958966970234
lisa_change_rate_2010_2024_cluster,2010-2024变化率LISA,LL 低值集聚,4479,14.850795755968168,cropland_ratio,D1.3 耕地/农田比例,D1,D1 人类活动,positive,比例(0-1),0.4395464545903131,0.1098866136475782,0.0016929001969911805,0.0016929001969911805,0.4388023463107504
lisa_change_rate_2010_2024_cluster,2010-2024变化率LISA,LL 低值集聚,4479,14.850795755968168,dist_port,D2.1 距边境口岸距离,D2,D2 通达性,negative,km,0.3208624504718436,0.0802156126179609,401.09892636112147,0.7368286236147399,0.08444181272102243
lisa_change_rate_2010_2024_cluster,2010-2024变化率LISA,LL 低值集聚,4479,14.850795755968168,dist_city,D2.2 距最近城市/城镇节点距离,D2,D2 通达性,negative,km,0.3930416506974807,0.0982604126743701,270.2268076341854,0.5752351437055817,0.16695028027623635
lisa_change_rate_2010_2024_cluster,2010-2024变化率LISA,LL 低值集聚,4479,14.850795755968168,dist_major_road,D2.3 距主要道路距离,D2,D2 通达性,negative,km,0.2860958988306757,0.0715239747076689,169.77420630004588,0.6928653674403279,0.08786995876418871
lisa_change_rate_2010_2024_cluster,2010-2024变化率LISA,LL 低值集聚,4479,14.850795755968168,ndvi,D3.1 NDVI,D3,D3 生态状态,positive,无量纲,0.0637545677133387,0.0159386419283346,0.7238415131134549,0.749757859105836,0.015954079516367823
lisa_change_rate_2010_2024_cluster,2010-2024变化率LISA,LL 低值集聚,4479,14.850795755968168,forest_ratio,D3.2 林地覆盖率,D3,D3 生态状态,positive,比例(0-1),0.8359196240251567,0.2089799060062891,0.1867961599131816,0.1867961599131816,0.679773048261187
lisa_change_rate_2010_2024_cluster,2010-2024变化率LISA,LL 低值集聚,4479,14.850795755968168,npp,D3.3 净初级生产力,D3,D3 生态状态,positive,kgC/m2,0.1003258082615044,0.0250814520653761,0.42241044420699875,0.4715532039737117,0.05301685193453973
lisa_change_rate_2010_2024_cluster,2010-2024变化率LISA,LL 低值集聚,4479,14.850795755968168,slope,D4.1 地形坡度,D4,D4 环境约束,negative,度,0.2482879503227113,0.0620719875806778,3.9573525871119215,0.6522410544837147,0.08634435578862591
lisa_change_rate_2010_2024_cluster,2010-2024变化率LISA,LL 低值集聚,4479,14.850795755968168,climate_water_stress,D4.2 气候水分亏缺,D4,D4 环境约束,negative,mm,0.2904988745765502,0.0726247186441375,136.0249670761496,0.7961407979667858,0.05922086876272229
lisa_change_rate_2010_2024_cluster,2010-2024变化率LISA,LL 低值集聚,4479,14.850795755968168,cold_stress,D4.3 低温冷胁迫,D4,D4 环境约束,negative,℃·月,0.4612131751007384,0.1153032937751846,149.98843444216115,0.3402086620659493,0.3043044578725278
lisa_change_rate_2010_2024_cluster,2010-2024变化率LISA,HL 高值-低邻,460,1.5251989389920424,pop_density,D1.1 人口密度,D1,D1 人类活动,positive,人/km2,0.4433821447143179,0.1108455361785794,1.0654930101201423,0.0018794218597489565,0.4425488426193194
lisa_change_rate_2010_2024_cluster,2010-2024变化率LISA,HL 高值-低邻,460,1.5251989389920424,nightlight,D1.2 夜间灯光强度,D1,D1 人类活动,positive,nW/cm2/sr,0.1170714006953689,0.0292678501738422,0.5589092333679614,0.22535470342949446,0.09068880991158852
lisa_change_rate_2010_2024_cluster,2010-2024变化率LISA,HL 高值-低邻,460,1.5251989389920424,cropland_ratio,D1.3 耕地/农田比例,D1,D1 人类活动,positive,比例(0-1),0.4395464545903131,0.1098866136475782,0.002766304288018981,0.002766304288018981,0.4383305353481964
lisa_change_rate_2010_2024_cluster,2010-2024变化率LISA,HL 高值-低邻,460,1.5251989389920424,dist_port,D2.1 距边境口岸距离,D2,D2 通达性,negative,km,0.3208624504718436,0.0802156126179609,528.4659649600677,0.6488254955198418,0.11267871205073897
lisa_change_rate_2010_2024_cluster,2010-2024变化率LISA,HL 高值-低邻,460,1.5251989389920424,dist_city,D2.2 距最近城市/城镇节点距离,D2,D2 通达性,negative,km,0.3930416506974807,0.0982604126743701,323.71762581467954,0.4902700541432733,0.20034509932946534
lisa_change_rate_2010_2024_cluster,2010-2024变化率LISA,HL 高值-低邻,460,1.5251989389920424,dist_major_road,D2.3 距主要道路距离,D2,D2 通达性,negative,km,0.2860958988306757,0.0715239747076689,230.70863281116175,0.5835328009248848,0.11914955765288904
lisa_change_rate_2010_2024_cluster,2010-2024变化率LISA,HL 高值-低邻,460,1.5251989389920424,ndvi,D3.1 NDVI,D3,D3 生态状态,positive,无量纲,0.0637545677133387,0.0159386419283346,0.7139554766857106,0.7327758708881791,0.01703675883409755
lisa_change_rate_2010_2024_cluster,2010-2024变化率LISA,HL 高值-低邻,460,1.5251989389920424,forest_ratio,D3.2 林地覆盖率,D3,D3 生态状态,positive,比例(0-1),0.8359196240251567,0.2089799060062891,0.25770652139984557,0.25770652139984557,0.6204976855477669
lisa_change_rate_2010_2024_cluster,2010-2024变化率LISA,HL 高值-低邻,460,1.5251989389920424,npp,D3.3 净初级生产力,D3,D3 生态状态,positive,kgC/m2,0.1003258082615044,0.0250814520653761,0.40648014982757363,0.44473899852015647,0.0557070087695577
lisa_change_rate_2010_2024_cluster,2010-2024变化率LISA,HL 高值-低邻,460,1.5251989389920424,slope,D4.1 地形坡度,D4,D4 环境约束,negative,度,0.2482879503227113,0.0620719875806778,4.409798601269722,0.6110613806694556,0.09656877259492613
lisa_change_rate_2010_2024_cluster,2010-2024变化率LISA,HL 高值-低邻,460,1.5251989389920424,climate_water_stress,D4.2 气候水分亏缺,D4,D4 环境约束,negative,mm,0.2904988745765502,0.0726247186441375,98.15115114518026,0.8529018916071756,0.0427318349404549
lisa_change_rate_2010_2024_cluster,2010-2024变化率LISA,HL 高值-低邻,460,1.5251989389920424,cold_stress,D4.3 低温冷胁迫,D4,D4 环境约束,negative,℃·月,0.4612131751007384,0.1153032937751846,150.34860926089078,0.33815125591005646,0.30525336069815895
lisa_change_rate_2010_2024_cluster,2010-2024变化率LISA,LH 低值-高邻,424,1.4058355437665782,pop_density,D1.1 人口密度,D1,D1 人类活动,positive,人/km2,0.4433821447143179,0.1108455361785794,35.01803464281926,0.024059052822997463,0.4327147902738622
lisa_change_rate_2010_2024_cluster,2010-2024变化率LISA,LH 低值-高邻,424,1.4058355437665782,nightlight,D1.2 夜间灯光强度,D1,D1 人类活动,positive,nW/cm2/sr,0.1170714006953689,0.0292678501738422,0.6973816390448021,0.2307841656903721,0.09005317515968493
lisa_change_rate_2010_2024_cluster,2010-2024变化率LISA,LH 低值-高邻,424,1.4058355437665782,cropland_ratio,D1.3 耕地/农田比例,D1,D1 人类活动,positive,比例(0-1),0.4395464545903131,0.1098866136475782,0.05904481145179883,0.05904481145179883,0.4135935170547214
lisa_change_rate_2010_2024_cluster,2010-2024变化率LISA,LH 低值-高邻,424,1.4058355437665782,dist_port,D2.1 距边境口岸距离,D2,D2 通达性,negative,km,0.3208624504718436,0.0802156126179609,307.81274790784573,0.8012247348226448,0.06377951867799671
lisa_change_rate_2010_2024_cluster,2010-2024变化率LISA,LH 低值-高邻,424,1.4058355437665782,dist_city,D2.2 距最近城市/城镇节点距离,D2,D2 通达性,negative,km,0.3930416506974807,0.0982604126743701,134.0645991269097,0.7965249057586702,0.07997418691643772
lisa_change_rate_2010_2024_cluster,2010-2024变化率LISA,LH 低值-高邻,424,1.4058355437665782,dist_major_road,D2.3 距主要道路距离,D2,D2 通达性,negative,km,0.2860958988306757,0.0715239747076689,97.30599622568792,0.8247773623421365,0.05013047801620826
lisa_change_rate_2010_2024_cluster,2010-2024变化率LISA,LH 低值-高邻,424,1.4058355437665782,ndvi,D3.1 NDVI,D3,D3 生态状态,positive,无量纲,0.0637545677133387,0.0159386419283346,0.7340635599673919,0.7670560844410919,0.014851238637910663
lisa_change_rate_2010_2024_cluster,2010-2024变化率LISA,LH 低值-高邻,424,1.4058355437665782,forest_ratio,D3.2 林地覆盖率,D3,D3 生态状态,positive,比例(0-1),0.8359196240251567,0.2089799060062891,0.419392689193801,0.419392689193801,0.48534104495537517
lisa_change_rate_2010_2024_cluster,2010-2024变化率LISA,LH 低值-高邻,424,1.4058355437665782,npp,D3.3 净初级生产力,D3,D3 生态状态,positive,kgC/m2,0.1003258082615044,0.0250814520653761,0.5023663439700063,0.605275676844849,0.039601036761015784
lisa_change_rate_2010_2024_cluster,2010-2024变化率LISA,LH 低值-高邻,424,1.4058355437665782,slope,D4.1 地形坡度,D4,D4 环境约束,negative,度,0.2482879503227113,0.0620719875806778,3.4246397529682584,0.6997941295674258,0.07453750024454929
lisa_change_rate_2010_2024_cluster,2010-2024变化率LISA,LH 低值-高邻,424,1.4058355437665782,climate_water_stress,D4.2 气候水分亏缺,D4,D4 环境约束,negative,mm,0.2904988745765502,0.0726247186441375,144.42169188247678,0.7835567139158626,0.06287653101709222
lisa_change_rate_2010_2024_cluster,2010-2024变化率LISA,LH 低值-高邻,424,1.4058355437665782,cold_stress,D4.3 低温冷胁迫,D4,D4 环境约束,negative,℃·月,0.4612131751007384,0.1153032937751846,116.41011563786921,0.5343175829966016,0.21477886613472347
lisa_change_rate_2010_2024_cluster,2010-2024变化率LISA,Not significant,20149,66.80702917771883,pop_density,D1.1 人口密度,D1,D1 人类活动,positive,人/km2,0.4433821447143179,0.1108455361785794,55.65641588107896,0.0669093964664155,0.41371571300749804
lisa_change_rate_2010_2024_cluster,2010-2024变化率LISA,Not significant,20149,66.80702917771883,nightlight,D1.2 夜间灯光强度,D1,D1 人类活动,positive,nW/cm2/sr,0.1170714006953689,0.0292678501738422,0.7081499708912273,0.24228697610570862,0.08870652503242821
lisa_change_rate_2010_2024_cluster,2010-2024变化率LISA,Not significant,20149,66.80702917771883,cropland_ratio,D1.3 耕地/农田比例,D1,D1 人类活动,positive,比例(0-1),0.4395464545903131,0.1098866136475782,0.17308079830491344,0.17308079830491344,0.36346940333772737
lisa_change_rate_2010_2024_cluster,2010-2024变化率LISA,Not significant,20149,66.80702917771883,dist_port,D2.1 距边境口岸距离,D2,D2 通达性,negative,km,0.3208624504718436,0.0802156126179609,391.7335412388121,0.7437748934534013,0.08221301555895087
lisa_change_rate_2010_2024_cluster,2010-2024变化率LISA,Not significant,20149,66.80702917771883,dist_city,D2.2 距最近城市/城镇节点距离,D2,D2 通达性,negative,km,0.3930416506974807,0.0982604126743701,149.88533328515112,0.7711960052791995,0.08992949977124108
lisa_change_rate_2010_2024_cluster,2010-2024变化率LISA,Not significant,20149,66.80702917771883,dist_major_road,D2.3 距主要道路距离,D2,D2 通达性,negative,km,0.2860958988306757,0.0715239747076689,99.91426804603476,0.8201248380409322,0.05146154613799288
lisa_change_rate_2010_2024_cluster,2010-2024变化率LISA,Not significant,20149,66.80702917771883,ndvi,D3.1 NDVI,D3,D3 生态状态,positive,无量纲,0.0637545677133387,0.0159386419283346,0.6820310077356065,0.6809913279085701,0.02033825998599533
lisa_change_rate_2010_2024_cluster,2010-2024变化率LISA,Not significant,20149,66.80702917771883,forest_ratio,D3.2 林地覆盖率,D3,D3 生态状态,positive,比例(0-1),0.8359196240251567,0.2089799060062891,0.2705149139765323,0.2705149139765323,0.6097908988406961
lisa_change_rate_2010_2024_cluster,2010-2024变化率LISA,Not significant,20149,66.80702917771883,npp,D3.3 净初级生产力,D3,D3 生态状态,positive,kgC/m2,0.1003258082615044,0.0250814520653761,0.44385605952291096,0.5058522894891762,0.0495757684575703
lisa_change_rate_2010_2024_cluster,2010-2024变化率LISA,Not significant,20149,66.80702917771883,slope,D4.1 地形坡度,D4,D4 环境约束,negative,度,0.2482879503227113,0.0620719875806778,3.1619568390473947,0.7250832572030099,0.06825851457846067
lisa_change_rate_2010_2024_cluster,2010-2024变化率LISA,Not significant,20149,66.80702917771883,climate_water_stress,D4.2 气候水分亏缺,D4,D4 环境约束,negative,mm,0.2904988745765502,0.0726247186441375,170.56773333072329,0.7443719137976388,0.0742596713519433
lisa_change_rate_2010_2024_cluster,2010-2024变化率LISA,Not significant,20149,66.80702917771883,cold_stress,D4.3 低温冷胁迫,D4,D4 环境约束,negative,℃·月,0.4612131751007384,0.1153032937751846,110.60659841549497,0.567543449728413,0.19945465864387074
